ingredient,calories_pct,protein_pct,fat_pct,sodium_pct
almond,413.57,294.02,589.45,360.41
amaretto,20.84,12.26,27.83,4.7
anchovy,16.64,17.26,29.96,15.93
anise,19.04,33.17,22.5,22.7
apple,361.32,265.92,510.82,323.07
apple juice,18.46,25.0,18.27,3.72
apricot,3217.72,888.35,4713.84,2562.97
artichoke,30.67,64.89,48.35,39.74
arugula,24.79,47.03,40.02,59.81
asian pear,16.79,24.77,23.18,70.81
asparagus,27.53,59.06,43.2,25.26
avocado,22.04,36.09,38.85,24.2
bacon,33.21,68.16,51.03,47.0
banana,26.73,18.12,33.39,10.31
barley,32.39,59.51,50.03,29.1
basil,25.46,48.36,38.6,29.92
bass,21.46,83.75,26.69,170.51
bean,28.54,61.2,36.8,37.55
beef,40.83,99.67,69.81,49.52
beef rib,113.45,185.79,247.54,53.78
beef shank,25.2,91.8,28.33,46.07
beef tenderloin,44.81,122.78,81.73,107.44
beer,31.5,67.44,47.7,55.49
beet,17.32,25.03,27.06,36.81
bell pepper,23.92,52.39,34.76,35.17
berry,6788.29,1821.45,9951.07,5417.74
biscuit,24.86,27.0,39.42,43.3
bitters,8.82,2.0,1.74,1.25
blackberry,25.89,18.4,30.2,7.74
blue cheese,24.2,42.11,41.87,30.09
blueberry,11384.02,3046.06,16691.03,9090.52
bok choy,21.22,42.1,33.4,49.64
bourbon,35.79,35.47,53.38,27.65
bran,10.23,6.67,14.1,9.81
brandy,27.25,36.1,35.28,17.8
bread,20.17,21.09,22.2,25.23
breadcrumbs,44.97,130.53,64.23,97.19
brie,22.61,42.67,36.18,27.87
brisket,50.22,112.44,91.07,46.12
broccoli,20.95,40.68,29.3,35.03
broccoli rabe,31.08,51.89,48.68,28.42
brown rice,18.9,18.73,18.41,9.17
brownie,12.7,6.0,19.23,5.74
brussel sprout,24.66,47.0,42.74,25.17
butter,26.66,27.29,38.73,22.21
buttermilk,35.28,39.95,55.31,31.36
butternut squash,24.73,39.27,31.67,23.51
cabbage,24.35,61.19,34.79,45.91
calvados,34.89,80.31,45.96,117.3
campari,14.92,4.0,0.51,0.37
candy,13.83,6.35,14.04,3.97
cantaloupe,10.57,14.12,9.09,8.78
capers,23.26,48.89,40.02,67.99
caraway,24.27,54.96,35.23,23.46
cardamom,18.59,40.83,23.99,24.02
carrot,836.91,1896.42,1147.41,565.5
cashew,22.09,30.79,37.71,15.47
cauliflower,20.58,30.4,34.65,30.67
celery,26.56,83.41,35.06,70.93
chambord,14.58,2.0,1.28,1.75
champagne,11.3,2.54,1.9,1.91
chard,24.9,48.23,38.21,32.18
chartreuse,12.28,3.0,7.69,1.75
cheddar,22.2,41.98,33.59,30.71
cheese,26.45,45.28,40.71,34.31
cherry,25.84,21.7,31.86,14.84
chestnut,27.14,37.74,38.21,24.74
chicken,46.14,119.07,75.09,40.85
chickpea,33.99,63.6,50.34,37.05
chile,19.94,38.67,38.89,17.13
chile pepper,19.91,44.46,30.63,43.1
chili,33.67,149.0,32.69,68.76
chive,17.27,30.55,26.98,20.19
chocolate,289.74,197.68,416.37,242.78
cilantro,20.22,46.8,31.94,30.15
cinnamon,717.12,1050.41,201.94,1008.17
citrus,26.15,43.18,40.22,21.85
clam,40.13,164.45,33.71,138.22
clove,1594.58,2355.71,425.3,2308.85
coconut,29.87,31.46,43.57,23.58
cod,24.37,70.61,31.61,57.62
coffee,26.45,22.73,35.8,19.0
collard greens,16.61,32.84,26.72,24.92
condiment,16.18,22.28,24.11,32.0
coriander,24.66,58.72,40.59,61.7
corn,23.15,42.7,32.31,41.54
cornmeal,25.42,29.64,34.66,29.67
cottage cheese,16.0,27.33,22.74,21.42
couscous,75.39,133.73,55.15,41.27
crab,23.54,52.33,36.84,40.47
cranberry,7646.6,2049.94,11207.6,6104.51
cream cheese,30.25,19.61,48.51,19.56
créme de cacao,16.22,6.75,14.58,2.11
crêpe,58.4,70.0,96.15,24.48
cucumber,14.11,25.18,20.81,45.46
cumin,28.13,60.44,49.93,37.32
currant,27.61,32.6,32.05,31.5
curry,29.08,63.59,46.66,29.71
custard,15.05,10.0,16.67,12.48
dairy,24.68,27.91,36.76,17.33
date,22.25,19.2,26.88,10.41
dill,19.4,39.39,29.75,32.92
duck,68.71,105.51,137.65,32.2
eau de vie,25.75,26.4,36.41,6.72
egg,1133.91,322.44,1663.26,911.48
egg nog,11.18,14.0,13.03,9.81
eggplant,26.03,40.81,40.86,41.75
endive,15.75,24.14,28.25,28.96
escarole,25.99,41.82,46.5,32.81
fennel,24.93,62.86,37.3,30.13
feta,22.3,35.5,36.98,27.67
fig,26.74,30.98,33.23,15.2
fish,26.16,73.37,39.36,66.15
fontina,36.7,54.33,55.13,51.52
fortified wine,45.03,119.94,63.75,47.23
frangelico,24.32,12.5,34.54,4.66
garlic,29.38,63.99,49.48,39.17
gin,12.91,8.04,4.61,2.42
ginger,25.14,46.52,35.48,30.37
goat cheese,22.57,33.03,36.78,24.11
goose,156.35,262.36,332.4,50.14
gouda,22.51,38.29,34.25,40.44
grains,49.93,95.0,59.4,48.35
grand marnier,,,,
granola,21.54,15.0,38.78,9.3
grape,25.2,32.93,31.9,10.92
grapefruit,14.67,16.76,14.01,12.09
grappa,137.0,69.5,162.5,13.67
green bean,17.22,28.45,28.05,19.92
green onion/scallion,20.93,36.33,30.27,42.64
ground beef,32.2,77.03,46.1,43.41
ground lamb,8191.76,12084.86,2098.53,11745.55
guava,24.88,65.29,24.66,46.66
halibut,22.11,73.9,30.97,25.4
ham,32.95,98.14,44.25,106.37
hazelnut,26.03,26.54,39.01,17.06
herb,27.5,60.95,42.98,43.04
hominy/cornmeal/masa,26.02,37.05,41.66,36.77
honey,26.42,37.42,36.77,20.16
honeydew,9.68,8.25,5.13,5.16
horseradish,21.32,42.05,36.83,41.61
hot pepper,24.18,49.83,39.36,68.19
hummus,9.28,17.0,10.9,27.98
jalapeño,18.8,37.86,26.24,27.27
jam,29.11,48.86,39.29,33.53
jerusalem artichoke,48.22,48.29,95.24,28.83
jícama,13.29,20.14,19.51,19.73
kahlúa,18.79,8.5,28.33,3.87
kale,31.03,77.72,40.22,47.36
kirsch,20.91,9.89,19.8,5.96
kiwi,16.77,10.19,16.91,4.12
kumquat,22.92,23.93,24.4,8.8
lamb,1517.49,3425.48,2103.83,984.7
lamb chop,142.02,223.3,326.06,37.89
lamb shank,32026.1,72905.85,43757.69,20996.17
lasagna,36.75,98.0,53.21,66.41
leafy green,22.25,44.87,36.83,32.03
leek,29.61,72.36,42.79,44.69
legume,30.49,45.1,53.01,34.35
lemon,24.11,39.9,35.89,24.38
lemon juice,18.58,17.48,21.99,15.8
lemongrass,23.9,55.67,38.19,45.94
lentil,23.1,45.62,25.5,26.35
lettuce,23.57,48.47,40.81,33.29
lima bean,22.52,44.51,29.78,16.81
lime,19.55,37.16,26.77,27.59
lime juice,17.62,29.08,26.27,20.9
lingonberry,23.28,35.6,34.87,33.77
liqueur,18.56,9.17,17.66,12.3
lobster,31.93,116.0,37.31,76.7
lychee,20.61,13.2,22.05,1.53
macadamia nut,26.36,20.95,41.12,12.29
mango,23.27,36.14,29.59,23.62
maple syrup,23.47,31.82,32.52,30.63
marsala,43.47,128.0,61.95,102.98
marscarpone,26.93,12.67,36.32,12.52
marshmallow,12.68,6.67,13.25,7.06
mayonnaise,22.28,33.18,43.5,26.33
meat,1982.27,4515.18,2721.69,1333.44
meatball,16.6,36.67,16.24,47.12
meatloaf,33.95,122.0,50.0,38.09
melon,12.18,12.8,10.0,13.13
mezcal,28.4,2.0,0.0,0.61
midori,14.37,9.5,7.37,3.53
milk/cream,25.21,30.34,37.66,23.86
mint,21.42,37.42,32.06,19.22
molasses,20.68,26.3,24.62,24.57
monterey jack,31.48,49.76,42.81,41.71
mozzarella,33.54,61.47,50.5,47.79
mushroom,33.68,74.74,53.97,46.93
mussel,28.5,89.46,32.7,70.05
mustard,30.4,65.29,54.58,39.64
mustard greens,26.77,50.75,44.93,21.3
nectarine,27.37,19.13,30.18,10.84
noodle,33.73,65.06,40.89,53.27
nut,3291.49,998.51,4819.69,2648.8
nutmeg,23.12,23.84,27.9,14.19
oat,15.24,10.82,16.25,6.69
oatmeal,14.18,19.67,12.82,6.84
octopus,23.89,78.67,24.79,50.22
okra,21.47,47.07,33.5,24.65
olive,26.7,53.25,44.6,42.37
onion,27.21,59.57,40.64,35.8
orange,23.53,33.73,32.58,23.5
orange juice,23.98,47.33,30.88,64.78
oregano,32.53,69.03,60.48,94.08
orzo,8.35,24.0,8.97,42.52
oyster,44.54,158.79,40.06,138.55
papaya,15.4,21.5,14.01,16.56
paprika,30.37,58.63,57.17,43.46
parmesan,28.71,48.25,41.74,36.21
parsley,611.9,912.2,186.47,896.99
parsnip,30.91,50.04,50.45,22.17
passion fruit,22.01,13.47,26.58,7.05
pasta,33.23,59.82,37.88,34.76
pea,29.17,57.15,41.44,29.73
peach,23.15,20.49,23.76,17.56
peanut,24.65,37.68,37.86,27.82
peanut butter,21.03,20.92,32.45,15.8
pear,8035.86,2504.79,11744.93,6501.61
pecan,29.85,19.5,43.29,13.69
pepper,22.18,44.39,33.3,43.22
pernod,19.21,45.3,28.33,23.02
persimmon,32.1,14.4,42.56,12.14
phyllo/puff pastry dough,25.64,23.88,40.18,17.32
pickles,17.72,47.33,28.63,46.32
pine nut,28.08,38.81,47.94,21.23
pineapple,24.03,25.85,26.13,15.03
pistachio,24.49,27.22,35.59,13.02
plantain,33.27,45.33,55.13,27.0
plum,25.34,23.04,31.77,12.92
poblano,39.69,103.2,64.87,26.69
pomegranate,22.78,36.34,32.33,25.19
pomegranate juice,28.0,36.4,41.28,13.95
poppy,15.38,18.13,24.53,14.6
pork,35.34,83.41,54.79,58.12
pork chop,33.9,105.35,50.57,45.99
pork rib,58.85,130.13,106.1,107.04
pork tenderloin,27.44,86.59,34.75,38.84
port,38.84,89.83,59.46,31.57
potato,29.5,58.03,42.08,37.32
poultry,47.14,134.77,76.33,45.87
poultry sausage,47.07,107.4,83.46,33.52
prosciutto,34.86,96.58,51.14,110.25
prune,41.02,57.28,53.87,22.36
pumpkin,30.93,25.74,45.48,20.46
quail,34.55,93.17,61.22,20.61
quince,37.83,25.83,38.57,13.36
quinoa,19.95,32.67,24.62,18.1
rabbit,47.42,177.2,55.64,42.56
rack of lamb,62.26,92.0,132.69,35.91
radicchio,13.02,17.17,21.79,18.09
radish,15.64,25.82,26.25,21.24
raisin,1464.09,3293.58,1985.38,957.34
raspberry,23.94,12.41,27.29,7.93
red wine,41.91,85.02,67.93,27.04
rhubarb,22.52,20.92,19.69,10.81
rice,1037.58,2348.3,1410.43,696.19
ricotta,35.51,58.16,51.53,30.47
rosé,,,,
rum,25.41,19.12,27.54,10.74
rutabaga,29.97,57.19,45.83,26.9
rye,9.42,2.4,0.32,0.19
saffron,24.97,62.52,31.38,34.84
sage,37.14,87.24,57.88,40.03
sake,18.74,47.08,20.22,42.07
salmon,26.67,65.96,44.35,77.7
salsa,25.65,41.0,50.0,50.26
sardine,24.85,138.0,28.21,33.78
sausage,40.17,87.65,60.06,59.79
scallop,30.43,123.01,29.65,123.67
scotch,28.64,35.14,12.64,24.96
seafood,28.07,82.79,39.35,79.04
seed,22.51,32.49,39.97,18.41
semolina,14.71,19.0,13.68,17.13
sesame,23.35,51.5,39.36,30.84
sesame oil,13.79,16.57,26.19,31.47
shallot,27.68,51.54,49.35,27.93
shellfish,29.27,89.42,37.0,85.57
sherry,33.0,83.54,53.23,39.66
shrimp,27.25,74.06,36.41,71.49
snapper,25.77,94.13,33.44,153.38
sour cream,26.86,29.12,42.25,20.2
sourdough,27.45,46.0,46.15,37.61
soy,26.28,70.08,37.21,51.17
soy sauce,25.86,68.18,38.46,56.64
sparkling wine,15.78,22.46,5.77,13.89
spice,461.45,683.95,154.22,662.51
spinach,22.49,42.54,35.55,28.51
spirit,14.42,8.3,6.78,19.08
squash,24.88,31.18,36.15,22.03
squid,32.24,79.06,45.55,40.22
steak,33.53,81.95,60.9,32.1
stock,1.88,4.0,3.21,1.76
strawberry,21.89,11.23,27.05,6.85
sugar snap pea,21.76,54.58,27.59,24.23
sweet potato/yam,27.43,43.07,33.31,21.31
swiss cheese,27.41,54.13,44.47,37.1
swordfish,39.89,77.2,71.15,28.8
tamarind,51.82,129.62,92.47,119.71
tangerine,31.42,25.36,28.97,30.24
tapioca,136399.14,36416.91,200081.47,108995.5
tarragon,22.67,56.28,37.4,41.86
tea,11.43,12.73,8.07,10.82
tequila,13.95,12.22,10.16,38.34
thyme,32.68,67.38,52.26,38.33
tilapia,24.28,65.33,38.46,14.59
tofu,24.15,49.52,40.22,36.24
tomatillo,15.4,28.25,25.89,18.6
tomato,27.58,61.57,39.98,39.35
tortillas,26.52,49.92,41.22,31.2
tree nut,23.11,23.08,37.28,14.77
triple sec,15.1,4.27,11.81,2.7
tropical fruit,23.85,23.26,24.36,15.75
trout,42.48,115.67,76.83,44.12
tuna,24.91,63.03,33.36,31.02
turnip,26.59,50.76,39.15,28.51
vanilla,26.29,14.23,33.39,8.69
veal,35.55,127.53,49.18,59.72
vegetable,278.56,623.95,382.74,197.02
venison,69.51,188.0,125.64,56.1
vermouth,3.93,0.0,0.0,0.19
vinegar,20.76,38.29,32.57,43.74
vodka,11.85,5.93,3.89,5.95
walnut,6627.94,1786.28,9724.68,5292.85
wasabi,22.03,39.65,39.06,31.05
watercress,25.63,47.86,48.59,24.49
watermelon,11.71,10.67,6.98,6.49
wheat/gluten-free,315.61,344.77,453.61,243.53
whiskey,30.97,33.13,36.91,21.27
white wine,36.02,96.51,50.67,55.36
whole wheat,17.25,17.27,18.47,18.68
wild rice,32.81,69.83,39.42,34.03
wine,27.69,51.42,38.82,25.67
yellow squash,14.24,15.05,17.88,18.14
yogurt,21.34,43.9,32.01,21.05
yuca,21.82,47.2,17.95,24.83
zucchini,20.41,36.22,30.1,25.85
turkey,43.24,170.59,53.56,94.99
